{
	"format_version": "1.19.0",
	"animations": {
		"animation.pacman.spit.normal": {
			"loop": true,
			"bones": {
				"puddle": {
					"scale": [0, 0, 0]
				}
			},
			"particle_effects": {
				"0.0": {
					"effect": "spittrail",
					"locator": "locator"
				}
			}
		},
		"animation.pacman.spit.becomePuddle": {
			"animation_length": 0.5,
			"bones": {
				"projectile": {
					"rotation": {
						"0.0": [0, 0, 0],
						"0.0417": [-937.30701, -719.18908, 838.46291],
						"0.0833": [603.79131, 961.42345, 2743.09386],
						"0.125": [-1326.93807, -438.63423, 1330.30301],
						"0.1667": [-10071.34809, 6049.65818, 4984.81744],
						"0.2083": [-5086.6368, 7405.1224, 5661.34112],
						"0.25": [15947.98783, -667.07087, -8245.64348],
						"0.2917": [16491.19151, 5613.59888, -10961.09447],
						"0.3333": [5407.62804, 9086.04228, -12374.01013],
						"0.375": [16847.49439, 20493.91306, 18312.00619],
						"0.4167": [-12115.90088, 29084.22263, 13582.95602],
						"0.4583": [4156.64607, 22857.17422, -15161.13041],
						"0.5": ["math.random(-36000,36000)", "math.random(-36000,36000)", "math.random(-36000,36000)"]
					},
					"position": {
						"0.0": [0, 0, 0],
						"0.0417": [0, -0.18202, -0.14562],
						"0.0833": [0, -0.54486, -0.43589],
						"0.125": [0, -0.98716, -0.78973],
						"0.1667": [0, -1.47228, -1.17783],
						"0.2083": [0, -1.98086, -1.58469],
						"0.2917": [0, -3.01914, -2.41531],
						"0.3333": [0, -3.52772, -2.82217],
						"0.375": [0, -4.01284, -3.21027],
						"0.4167": [0, -4.45514, -3.56411],
						"0.4583": [0, -4.81798, -3.85438],
						"0.5": [0, -5, -4]
					},
					"scale": {
						"0.0": [1, 1, 1],
						"0.0417": [0.9636, 0.9636, 0.9636],
						"0.0833": [0.89103, 0.89103, 0.89103],
						"0.125": [0.80257, 0.80257, 0.80257],
						"0.3333": [0.29446, 0.29446, 0.29446],
						"0.375": [0.19743, 0.19743, 0.19743],
						"0.4167": [0.10897, 0.10897, 0.10897],
						"0.4583": [0.0364, 0.0364, 0.0364],
						"0.5": [0, 0, 0]
					}
				},
				"puddle": {
					"scale": {
						"0.0": [0, 0, 0],
						"0.0417": [0.0364, 0.0364, 0.0364],
						"0.0833": [0.10897, 0.10897, 0.10897],
						"0.125": [0.19743, 0.19743, 0.19743],
						"0.3333": [0.70554, 0.70554, 0.70554],
						"0.375": [0.80257, 0.80257, 0.80257],
						"0.4167": [0.89103, 0.89103, 0.89103],
						"0.4583": [0.9636, 0.9636, 0.9636],
						"0.5": [1, 1, 1]
					}
				}
			}
		},
		"animation.pacman.spit.disappear": {
			"animation_length": 1,
			"bones": {
				"projectile": {
					"scale": [0, 0, 0]
				},
				"puddle": {
					"position": [0, 0, 0],
					"scale": {
						"0.0": [1, 1, 1],
						"0.6667": [0.5833, 0.5833, 0.5833],
						"1.0": [0, 0, 0]
					}
				}
			}
		}
	}
}